Topic,Count,Name,Representation,Representative_Docs
-1,2877,-1_ai_人工智慧_發展_未來,"['ai', '人工智慧', '發展', '未來', '表示', '技術', '機器', '科技', '應用', '產業']","['AI 定義 陳 昇 瑋 指出 廣為 人知 AI 指 機器 擁有 人類 智慧 智慧 定義 人類 智慧 真的 智慧 對此 陳 昇 瑋 認為 AI 包含 最 核心 技術 深度 學習 Deep Learning 多層 感知 機技術 MLPs 第二 層技術 表徵學習 Representation Learning 指 機器 做 淺 薄 自動 記錄 第三 層則 機器 學習 機器 自行 做 邏輯 迴 分析 而涵 蓋 所有 相關 技術 叫做 AI 機器 經驗 學習 中 自動 找到 最好 應 函式 說 最 人類 應 方式', 'AMD AI 生態 系統 蘇姿 丰說 AMD 說 AI 一個 關鍵 市場 推動 未來 成長 助力 公司 所有 產品 AI 裡面 AMD 資料 中心 雲 端的 AI 應用 重要 企業 裝置 邊緣 運算 看到 AI 生成式 AI 相關 應用 AMD 產品 相容 客戶 回應 正向 AMD 會持續 生態 系 做 投資', '英特 爾業務行 銷事業 群 副 總裁 陳 立生 指出 這是 一個 全新 智慧 零售 業時代 引述 相關 數據 指出 全球 零售 業規模 已經 高達 4.4 兆 美元 雲端物 聯網 今天 所有 產業裡面 各界 所極力 採用 科技 藉由 大數據 人工智慧 基礎 產業 帶來 轉型 契機 雲端 世代 崛起 改變 所有人 消費 模式 結合線 實體 店面 帶來 全新 消費者 體驗 體驗 intel 說 雲端 方面 致力 轉型 以雲端 資料 主 公司']"
0,723,0_chatgpt_聊天_使用_openai,"['chatgpt', '聊天', '使用', 'openai', 'gpt', '回答', '內容', '使用者', '學生', '問題']","['陳 文章 指出 ChatGPT 學生 獲取 新知 識 一個 好 工具 善用 ChatGPT 完全 仰賴 ChatGPT 做到 夢 想 創造力 情感 表達 新知 識 創造性 知識 跨 領域 整合 知識 ChatGPT 不見 表達 完整 無法 培養 學生 領導力 面對 ChatGPT 老師 考題 做 一些 調整 活潑 希望 藉由 公布 ChatGPT 注意 事項 提供 師生 參考', 'ChatGPT OpenAI 開發 一個 人工智慧 聊天 機器 人 程式 2022 年 11 月 推出', 'ChatGPT']"
1,380,1_醫療_醫師_醫院_診斷,"['醫療', '醫師', '醫院', '診斷', '健康', '醫學', '判讀', '病人', '治療', '照護']","['三軍總醫院 院長 蔡建松 表示 現代化 醫院 已經 運用 大數據 人工智慧 及物 聯網 提供 民眾 安全 有效率 醫療 服務 總 去年 成立 人工智慧 暨物 聯網 發展 中心 人工智慧 運用 心電圖 眼底 鏡 AI 自動 判讀 技術 胸部 X光 異常 診斷 疾病 分類 輔助 系統 快速 輔助 醫師 進行 醫療 決策 大幅 提升 醫院 管理 效能', '相信 AI 輔助 醫療 判讀 技術 診斷 工具 成為 提高 整體 醫療 篩檢 效率 增加 醫療 動能 推手', '人工智慧 應用 黃 士傑 認為 醫療 機器 人 領域 值得 投入 未來 AI 執行 醫療 診斷 工作 學習 醫療 資料 現在 有個 病人 判斷 問題']"
2,343,2_學生_教育_課程_學習,"['學生', '教育', '課程', '學習', '大學', '老師', '教授', 'ai', '領域', '人工智慧']","['面對 生成式 AI 熱潮 張國恩 表示 東 海大 學 共通 必修 中文 課程 進行 改革 過去 中文 課 學生 學習 ChatGPT 問問題 學生 學會 問對 問題 AI 溝通 課程 改革 內容 包括 強化 課程 內容 中文 課程 融入 AI 文本 生成 課程 內容 並培養 鑑賞力 增加 生產力 教材 部分 製 作文 生成器 使用 教材 提供 師生 學習 利用', '郭伯臣 說明 未來 12 年 課綱 資訊 課程 AI 一部分 這套 教材 委 託 大學 教授 領國 中小 高中 老師 一起 研發 特色 第一 線 老師 能轉 化成 學生 容易 懂 語言 未來 老師 自行 選取 適合學生 部分 進行 教學 學生 及家長 興趣 一起 學習', '108 課綱 中納入 程式 教育 宣示 AI 專才 領域 有助 跨 領域 教育 學習 工具 國立 清華大學 執行 副 校長 簡禎 富 強調 清大是 一個 鼓勵 學生 跨 領域 學習 學校 STEM 教育 應該 再 一個 藝術 領域 Art 忽略 STEAM 教育 提升 學生 產業 競爭力 現在 MSI NVIDIA 提供 卓越 軟硬體 設備 運算 速度 加快 後 有效 增加 學生 課 堂上 實作 機會 並不限 理工 相關 科系 全校 學生 使用 協作 空間 校方 開設 相關 課程 協助 同學 增進 AI 技能']"
3,225,3_換臉_照片_網友_影片,"['換臉', '照片', '網友', '影片', '繪圖', '美女', 'ai', '粉絲', '合成', '分享']","['美女 網紅 CEO 夏筠婷 近日 AI 技術 變臉 製 作成 雅 影片 流出 已 請律師 蒐 證並 提出 訴訟 網友 質疑 AI 換臉 說法 掀起 風波', '網紅不滿 公布 假 照片 聲稱 深入 了解 後 發現 AI 換臉 商品 背後已經 形成 一條 完整 產業 鏈 社交 網 站上 製 作 AI 換臉 帳號 提供 一鍵 脫衣 合成 服務 付錢後發 送 人 合成 製 作 照片 影片', '主辦 單位 提供 女僕 照片 太 逼真 網友 瘋狂 轉傳 AI 繪圖 了解 網友 表示 目前 AI 已經能 做出 真人 照片 般的 繪圖 效果 照片 細節 發現 端倪 手指 背景']"
4,224,4_三星_理器_晶片_運算,"['三星', '理器', '晶片', '運算', 'intel', 'ai', '手機', 'pc', '產品', '高通']","['採用 Qualcomm Hexagon 685 DSP 架構 透過 強化 GPU CPU 相較 前 代行 動 平台 達到 三倍 AI 整體 性能 提升 OPPO 深度 結合 手機 透過 AI 能夠 提升 手機 運作 效率 高通 OPPO 宣布 歐洲 攜 手推 動 5G 該款 手機 電池 容量 , 730 mAh 採用 USB C 傳輸 介面 提供 VOOC 閃充 技術', '採用 Qualcomm Hexagon 685 DSP 架構 透過 強化 GPU CPU 相較 前 代行 動 平台 達到 倍 AI 整體 性能 提升 OPPO 深度 結合 手機 透過 AI 能夠 提升 手機 運作 效率 高通 OPPO 宣布 歐洲 攜 手推 動 5G 該款 手機 電池 容量 , 730 mAh 採用 USB C 傳輸 介面 提供 VOOC 閃充 技術', 'AI 高效能 運算 包括 技術 硬體 兩 部分 技術 層面 高效能 運算 涉及 演算法 優化 專為 AI 工作 負載 設計 軟體 工具 確保 AI 運算 速度 效率 需要 專門 設計 硬體 GPU TPU 進行 大量 平行 運算']"
5,199,5_台灣_產業_發展_半導,"['台灣', '產業', '發展', '半導', '轉型', '科技', '人工智慧', '中心', '全球', '半導體']","['第二 人工智慧 產業 賴清德 透露 人工智慧 未來 必然 改變 全球 生活 最 重要 科技 政府 應該 人工智慧 台灣 產業化 利用 人工智慧 協助 台灣 中小 微型 企業 人工智慧 化 因應 2050 氣候 變遷 順利 進行 數位 轉型 綠色 轉型', '賴清德 表示 強化 半導體 國家級 戰略 持續 擴大台灣 半導 體產業 國際 社會 領先 地位 帶動 科技 及傳 統產業 發展 促進 AI 產業化 產業 AI 化 行政院 長 任內 曾 提出 人工智慧 行動 方案 具體 作法 包括 人才 培育 善用 台灣 半導 體產業 軟硬體 共同 合作 推動 人工智慧 發展 進 一步 鬆 綁 法令 建置 實驗 場域 台灣 能夠 成為 人工智慧 發展 國際樞紐 國際 企業 台灣 成立 研發 中心', '賴清德 並向 企業界 喊 話 說 懇請 能夠 做 件 事情 包括 第一 投資 台灣 人工智慧 台灣 能夠 產業化 持續 發展 第二 同樣 投資 台灣 人工智慧 台灣 創新 應用 第三 投資 台灣 台灣 產業 包括 100 多萬家 中小 企業 能夠 人工智慧 化 人工智慧 島 一個 概念性 目標 生活 更好']"
6,173,6_股價_股票_台股_股市,"['股價', '股票', '台股', '股市', '投資人', '市場', '趨勢', '輝達', '下跌', 'etf']","['謝文雄 指出 AI 長 線 看好 不變 目前 AI 發展 初期 今年 市場 投資 機會 資金 分散 復 甦 題材 產業 包括 摺 疊 手機 元件 受惠 手 機庫 存去化 消費 回溫 滲透率 持續 增長 傳產中 重電 綠能 出口 相關 類股 可望 有所 表現 股市 拉回 提供 進場點 機會 惟短線 建議 過度 追高 長 線 趨勢 成長 股為 主要 布局 標 AI Server 設計 組裝 零部件 HPC ASIC IP IC 設計 散熱 解決 方案 組件 供應 摺 疊 手機 元件 CCL PCB 類股 傳產則 重電 綠能 運動 服飾 出口 相關類 股為 布局 標', '針對 近期 高 股息 ETF 表現 楊斯淵 表示 多數 高 股息 ETF 追 蹤 指 數 篩 選 原 企業 股 利率 考量 AI 去年 大幅 成長 將過 科技 價值 股 估值 拉升 指數 新 成分股 多為 股價 低估 企業 包含 傳產 科技 金融 產業', '兆 豐電子 基金 研究 團隊 指出 市場 原本 預估 美國 經濟將 2023 年 下半年 進入 衰退 受到 就業 市場 穩健 近期 市場 已 陸續 上調 2023 年 經濟 成長 率 AI 題材 有如 滾 雪球 愈演愈烈 受惠 輝達 概念股 AI 題材 發燒 近期 台股 盤勢 科技股 表現 強勁 AI 帶動 設計 服務 板卡 散熱 ABF 載板 電子 代工 服務 相關 供 應鏈 汽車 股漲 幅 佳 主要 各車 廠 機車 汽車 市場 營運績 效表現 優異 電機 股表現 不錯 配合 政府 能源 轉型 儲能 輸電 相關 股 有所 表現']"
7,160,7_google_功能_pixel_android,"['google', '功能', 'pixel', 'android', 'cloud', '地圖', '學習', '應用', '人工智慧', '搜尋']","['Google I O 2017 期間 Google 世人 展示 Google Assistant 已經 確實 走 進人類 生活 智慧型 手機 包括 電視 Android TV 揚聲器 Google Home 汽車 Android Auto 手 錶 Android Wear Google I O 2018 相關 應用 只會 Google 引進 多種 討論 模式 用戶 只 需要 講 一句 話 人工智慧 助理 一次 完成 好多 項 事情', 'Facebook F8 開發者 大會 才剛 落幕 踏入 Google 過去 談 人工智慧 機器 學習 技術 Google I O 2018 期間 看到 Google 更積極 談 人工智慧 方面 應用 確實 許多 新 系統 新 工具 像是 Android P Android Auto Google Assistant Google Lens Google News 全部 人工智慧 脫離 關 係 這次 看到 Google 整合 旗下 服務 產品 功能 強大', 'Google 發展 AI 機器 學習 下 一步']"
8,144,8_取代_工作_就業_失業,"['取代', '工作', '就業', '失業', '人力', '機會', '人類', '萬個', '工人', '自動化']","['面對 人工智慧 取代 智慧 工人 李開 復 認為 唯有 人機 協作 關愛型 工作 角度 調整 工作 真正 減輕 AI 就業 造成 巨大 衝擊 包括 醫療 領域 工作 居家 保健 服務 人 照護 工作 AI 時代裡 具有 不可 取代 性 人類 發揮 特有 價值', 'AI 取代 掉 工作', '謝 教授 課程 最 後 指出 人 擔心 AI 取代 工作 AI 始終 工具 懂得 運用 AI 技術 幫助 生活 工作 能力 提升 未來 取代']"
9,142,9_影像_影片_相機_照片,"['影像', '影片', '相機', '照片', 'adobe', '自動', '效果', '辨識', '美圖', '功能']","['Seeing AI 藉由 相機 捕捉 物體 人 並透過 AI 分析 辨認 最大 特色 能夠 捕捉 人類 臉部並 解讀 情緒 寫 下 敘述 性 文字 幫助視 障者 瞭解 周遭 環境 APP 還能 透過 掃描 商品 條碼 讀取 商品 資訊 價格 相機 鏡頭 未能 對準 物件 AI 還能 領導 使用者 瞄準 正確 位置', '舉例 說 當在 家中 欣賞 電影時 周遭 響起 家人 吸地板 說話 吵 雜聲 AI 科技 即時 分析 背景 音 人聲 空間 環境 部分 音量 即時 進行 調整 提供 最 適合 觀賞者 最 適化 音效 體驗 周遭 環境 因素 影響 觀影 體驗 說 許多 人會 關注 體育賽 事 面對 快速 移動 球類 總 抓 不到 最真實 影像 這時候 AI 自動 進行 動作 偵測 並運用 球類 物體 演算法 快速 捕捉 球速 過快 而失 真的 影像', '手機 相機 高 規格 鏡頭 Pixel 3a Google 強大 相機 AI 技術 能夠 針對 場景 進行 辨識 再 人工智慧 輔助 幫 使用者 拍 好看 照片']"
10,115,10_微軟_microsoft_bing_azure,"['微軟', 'microsoft', 'bing', 'azure', '365', 'windows', 'office', 'copilot', '更新', 'build']","['用戶 下 載量 好 評顯示 微軟 戰略 成功 微軟 放棄 Windows Phone 平台 推出 服務 瀏覽器 Edge 之外 桌面 軟體 微軟 桌面 則以 一種 方式 Android 平台 展現 微軟 魅力 軟體 擁有 超過 1000 萬次 下載 人工智慧 助理 Cortana', '第三 公司 微軟 一起 合作 利用 AI 幫助 微軟 轉型', '微軟 發展 AI 下 一步']"
11,108,11_霍金_人類_斯克_特斯拉,"['霍金', '人類', '斯克', '特斯拉', '人工智慧', '警告', '地球', 'musk', '物理', 'elon']","['這已 霍金 頭 一遭 提出 相同 論點 去年 提出 相同 警告 人工智能 發展 將導致 人類 時代 結束 今年 稍早 霍金 Space X 特斯拉 Tesla 闆 馬 斯克 Elon Musk 聯合 發表公開信 信中 說 好好 注意 智能 機器 人類 未來將 一片 黑暗', '英國 物理 學大師 霍金 Stephen Hawking 驚人 之語 接受 英國 廣播 公司 BBC 專訪 時 指出 人工智慧 威脅 人類 生存 人工智慧 會以 越來 越 速度 自我 改良 人類 受限 漫長 生物 演化 無法 競爭 人工智慧 發展 完成 使 人類 滅絕', '百度 正在 投入 發展 領域 特斯拉 執行長 馬 斯克 Elon Musk 曾多次 表達過 AI 擔憂 認為 無法 控制 AI 對人類 將構 成 根本 威脅 物理 學家 霍金 擔心 AI 會成 人類 終結']"
12,105,12_改變_數位_革命_生活,"['改變', '數位', '革命', '生活', '經濟', '未來', '產業', '發展', '人類', '科技']","['華碩 董事 長 施崇棠 表示 AI 趨勢 崛起 進入 智能 革命 時代 人類 生活 正在 改變 不遠 未來 所有 人 產業 鏈 頭上 長 智能 天線 全部 會串 連在 一起 AI 將變 成無所 每一個 人 萬事 萬物 隨時 隨地 獲得 智能 包括 學習 工作 娛樂 健康 交通 社交 購物 面向 以往 生活型 態及 思惟 新 數位 經濟 世代 將被 顛覆', '李彥 宏 提到 自工業 革命 以來 創新 效率 一直 推動 世界 經濟 發展 人類 生活 改善 重要 動力 現在 全球 正迎 新 一輪 創新 紅利期 人工智能 核心 驅動 智能 經濟 將成 經濟 發展 新 引擎', '想到 每個 行業 人工智能 技術 不斷 演進 改變 李彥 宏說 意義上講 人們 生活 一個 偉大 時代 機會 見證 參與 人工智能 一個 堪 工業 革命 技術 革命 期待 人工智能 發展 能給 人們 帶來 不斷 驚喜']"
13,101,13_alphago_圍棋_李世_棋王,"['alphago', '圍棋', '李世', '棋王', '柯潔', 'deepmind', '擊敗', 'master', '人工智慧', '打敗']","['如同 先前 報導 Google 旗下 人工智慧 科技 團隊 DeepMind 開發 AlphaGO 天才 棋王 李世 乭 世紀 決今 早 正式 比賽 李世 乭 手 人工智慧 電腦 記者 稍早 得知 代替 AlphaGO 下棋 棋手 自台灣 黃 世傑', '人工智慧 AlphaGo 今年 月 盤 全勝 成績 擊敗 世界 圍棋 棋王 柯潔 震驚 全球', '世界 圍棋冠 軍 南 韓名將 李世 乭 Google 利用 人工智慧 研發 圍棋 程式 阿爾法 圍棋 AlphaGo 對弈 施振榮 指出 電腦 人腦 人 機大戰 多年 一直 深受 各方 矚目 Google 人工智慧 系統 AlphaGo 南韓 棋王 李世 乭 圍 棋大戰 連下 三城 觀察未來 發展 人類 2.0 時代來 人類 學習 駕馭 機器 人 結 合成 一體 協同 進入 新人 類 文明']"
14,100,14_駕駛_自動_車輛_汽車,"['駕駛', '自動', '車輛', '汽車', '辨識', '系統', '公路', '安全', '開車', '交通']","['人工智慧 發展 國內外 多家 廠商 紛紛 投入 自駕車 研發 宏碁 日前 發表國 內首輛 自駕車 原型 展示 準 Level 等級 自動 駕駛技術 系統 並與 上中下游 相關 產業供 應商 攜手 組成 自駕 車產業 聯盟 成為 科技 業進 軍台灣 自駕 車產業 領頭 羊 儘 原型 車搭載 光達 掃描 GPS 定位 人工智慧 路段 控制 車輛 以維持 舒適 駕駛 模式 意外 危機 處理 一大 挑戰', '提到 交流 Concept i 透過 監控 駕駛人 狀況 自動 決定 進入 自動 駕駛 模式 駕駛 注意力 下降 道路 狀況 太差 功能 透過 人工智慧 進行 判斷 駕駛 保有 手動 切換 權利 確保 駕駛樂趣 剝奪', '特斯拉 招募 AI 有興趣 了解 人才 希望 汽車 自動 駕駛 方面 進步 表現 希望 後 推出 全自動 駕駛 功能']"
15,93,15_中國_上海_美國_人工智能,"['中國', '上海', '美國', '人工智能', '發展', '研究', '方面', '音箱', '領域', '城市']","['研究 顯示 中國 研究 正在 挑戰 超過 美國 AI 領先 地位', '上海市 副 市長 吳清 表示 去年 以來 人工智能 已 上升 上海 優先 發展 戰略 產業 發展 進入 快車 道 上海 初步 建設 成為 中國 人工智能 發展 領先 地區', '南華 早報 報導 CRS 一份 名為 新興 軍事 技術 國會 背景 問題 報告 中 指出 美國 許多先 進技術 領頭 羊 中國 俄羅斯 領域 中 穩定 發展 中國 廣泛 認為 美國 國際 AI 市場 最強 勁 競爭 手 中國 領域 成就 證明 實現 AI 發展 潛力 技術 協助 國家 軍事 反間諜']"
16,91,16_伺服器_pc_成長_市場,"['伺服器', 'pc', '成長', '市場', '2024', '需求', '營收', '下半年', '2025', '美元']","['2024 年 依然 面臨 通膨等 確定 因素 影響 野村 投信 指出 唯一 能夠 確定 AI 成長 趨勢 最明確 產業 預估 2024 年 AI 伺服器 出貨量 成長 100 200% 相比 伺服器 約 5% 年 複 合成 長 率 AI 伺服器 2024 年 重點 產業 AI 伺服器 組件 包括 ASIC ABF 散熱 高速 傳輸 產業將 受惠', 'AI 伺服器 方面 ChatGPT 使用 人 愈 AI 伺服 市場 預期 下半年 位數 成長 他進 一步 解釋 位數 成長 成倍 成長 鴻海 去年 伺服器 產品 營收 達 1.1 兆元 市 佔 達 成 持續 帶動 伺服器 提升 市佔率', 'AI 伺服器 分析 蔡枝安說 傳統 伺服器 AI 伺服器 出貨量 逐季 成長']"
17,87,17_廣告_消費者_商品_房屋,"['廣告', '消費者', '商品', '房屋', '行銷', 'appier', '永慶', '推薦', '消費', '購物']","['曾薰儀 說 一哥 關鍵 字 廣告 代操 機器 人 利用 AI 技術 分析 歸納 自動 挑選 每個 商品 最貼 關鍵 字 並以 最佳 價格購 買 最合適 關鍵 字 投放 廣告 服務 上線 後 已 幫助 200 多萬賣家 流量 成長 2.2 倍 賣場 交易 金額 成長 1.8 倍 運用 AI 做生意 快速 賣出 商品 帶動 平台 交易 金額 快速 成長', 'Google 廣告 說 早就 提供 友善 廣告 收費 模式 像是 針對 跨平台 廣告 Google 提供 UAC 通用 類型 廣告 Universal App Campaigns 功能 透過 廣告 方式 廣告主 制定 一個 創意 廣告 系統 自動 格式 放在 大小 平台 像是 Google Play 搜尋 YouTube 擁有 超過 300 萬個 網站 應用 程式 媒體 廣告 聯播 網當 中 藉由 AI 人工智慧 技術 運用 廣告 應該 顯示 位置 內容 時間 用戶 喜好 內容來 自主 決定', '現在 消費者 使用 習慣 很大 改變 場合 使用 螢幕 行銷 人 這當 中 做好 準備 透過 人工智慧 帶來 新 契機 新創 公司 沛星 互動 科技 Appier 執行長 暨 共同 創辦 人游 直翰 Appier 資深業務 總監 李家 銘 今天 11 20 Appier 後 行動 世代 跨 螢致勝 論壇 超過 400 名 品牌 經營者 數位 行銷 人員 媒體 廣告 代理商 一同 討論 最新 人工智慧 應用 帶來 改變 2016 年 跨 螢行銷 成功 方程式']"
18,81,18_蘋果_apple_iphone_siri,"['蘋果', 'apple', 'iphone', 'siri', 'wwdc', 'ios', '功能', '大會', '開發者', '公司']","['蘋果 正在 嘗試將 人工智慧 添加 蘋果 應用 程式 中 包括 Apple Music 中 功能 自動 生成 播放 清單', '人工智慧 軍備 競賽 中 蘋果 已 經落 後 競爭 手 蘋果 全球 開發者 大會 WWDC 上公 佈 AI 競賽 中 追 計劃 蘋果 已經 其產品 中 宣布 一系列 人工智慧 實施 包括 Siri 提供 期待已久 升級 文字 編寫 照片 編輯 中 添加 人工智慧 功能 這也 蘋果 股價大漲 市值 超車輝 達 重回 全球 第二', '等待 許久 蘋果 AI Apple Intelligence 終於 正式 亮相 台灣 時間 今 11 日 登場 2024 Apple 全球 開發者 大會 WWDC 中 蘋果 介紹 Siri 自然 用戶 聊天 外 蘋果 手機 透過 AI 功能 成為 強大 助理 蘋果 公布 限制 機種 條件']"
19,77,19_企業_策略_商業_營運,"['企業', '策略', '商業', '營運', '效率', 'ai', '公司', '模式', '轉型', '效益']","['協助 產業 AI 化 方面 院士 認為 AI 很快 改變 企業 競爭力 鑑國內 企業 少有 深入 使用 Open AI 經驗 工研院 應 儘 速 成立 一個 GAI 企業 服務團 聚焦 ChatGPT 應用 進行 技術 研發 攜手 企業 快速 發展 雲端 AI 海量 資料 轉化 強大 生產力 工具 提升 企業 韌性 競爭力', '外 影響 應 公司 策略 面來 思考 AI 公司 經營 商業 營運 模式 所帶 改變 特別 B to C 企業 消費者 公司 透過 AI 協助 快速 了解 客戶 反饋 喜好 變化 調整 產品 服務 方向 提升 價值', '生成式 AI 潛力 勢必將 各產業 發生 變革性 影響 宏碁 資訊 將積極 扮演 企業 生成式 AI 加速器 角色 AI 驅動 產品 服務 包括 數據化 雲端化 AI 應用 協助 客戶 快速 導入 AI 工具 達到 更深 層次 數位 轉型 並專注 AI 運用 三大 情境 營運 效能 優化 客服 服務 優化 程式 技術 開發 優化 進 一步 提高 企業 營運 效率 決策 洞察']"
20,72,20_5g_應用_6g_智慧,"['5g', '應用', '6g', '智慧', '全球', '物聯網', '數位', '華碩', '疫情', '發展']","['觀察 布局 國際 5G 企業 iSTOXX 全球 未來 關鍵 科技 指數 彭博資訊 2021 年 月 10 日 過去 一年 報酬 45.01% 成分股 皆 國際 知名 5G 零組件 大廠 包含 全球 最大 IC 設計 美國 高通 全球 最大 半導體 設備 美國 應用 材料 全球 最大 車用 晶片 德國英 飛凌 皆 5G 相關 領域 最 顯示 AI 5G 正在 趨勢 浪頭', '台灣 大哥大 董事 長 蔡明忠 指出 這波 新冠 肺炎 疫情 提醒 全球 各大產業 面臨 數位 轉型 急迫 性 責任 無 重大 尤其 5G 將在 今年 正式 商轉 透過 5G 高頻 寬 低延遲 廣聯結 特色 再 搭配 AI 將實現 智慧 生活 工業 4.0 技術 環境 展現 出大數 AI 關鍵 價值 並以 5G 連結 ABC AI 人工智慧 Big Data 大數據 Cloud 雲端 加速器 台灣產業 創造 新 全新 面貌', '蔡明忠 表示 全球 各大產業 面臨 數位 轉型 急迫 性 尤其 5G 將在 今年 正式 商轉 透過 5G 特色 再 搭配 AI 將實現 智慧 生活 工業 4.0 技術 環境 展現 出大數 AI 關鍵 價值 並以 5G 連結 ABC AI 人工智慧 Big Data 大數據 Cloud 雲端 加速器 台灣產業 創造 新 全新 面貌']"
21,71,21_繪圖_作品_創作_藝術,"['繪圖', '作品', '創作', '藝術', '大量', '繪畫', '藝術家', '作者', '關鍵', 'ai']","['近期 AI 繪圖 蔚為 風潮 許多 人紛 紛嘗試 利用 AI 產 製 大量 圖片 AI 機器 學習 建立 大量 引用 廣大創 作者 共同 累積 創作 資源 爭議 不斷 受 批評 還傳出 VTuber 張貼 AI 繪 製 圖 片 遭到 抗議', '近期 AI 繪圖 蔚為 風潮 許多 人紛 紛嘗試 利用 AI 產 製 大量 圖片 使用 關鍵 字 內容 決定 AI 繪圖 成品 級 雷亞遊戲 近期 開 一項 職缺 AI 美術 設計師 ／ AI 溝通師 吸引 外界 目光 工作 內容須 善用 AI 相關 創作 工具 製 作 驚 艷 藝 術 作品 更要 協助 專案 能夠 有效率 進行 開發 工作 月薪 至少 萬元', '近期 AI 繪圖 蔚為 風潮 許多 人紛 紛嘗試 利用 AI 產 製 大量 圖片 顯然 AI 繪圖 成品 分等級 網友 百度 貼 分享 設定 應 關鍵 字 AI 繪圖 成果 媲美 手工 創作 網友 使用 大量 關鍵 字 AI 畫出 指定 條件 圖 這一長 串 密密麻麻 關鍵 字 網友 稱 呼為 大師級 咒語']"
22,66,22_電力_能源_電動車_台灣,"['電力', '能源', '電動車', '台灣', '需求', '政策', '核能', '問題', '政府', '台積']","['碩 董事 長 童子 賢 表示 AI 成長 將是 穩定 供電 關鍵 目前 選擇 相信 政府 指稱 電力 足夠 擔心 AI 爆炸式 成長 電力 需求 也須 重新 評估 節能 減碳 大量 發電 政府 單位 需要 思考 議題', '黃 仁勳 日前 提到 台灣 設廠 需要 能源 AI 超級 電腦設 電力 充足 地方 坦言 電力 限度 一大 挑戰', '工研院 智慧 能源 管理系 統 猶如 電力 調度 大腦 利用 前述 家庭 能源 閘道器 蒐集 大數 AI 建立 預測 模型 可依據 情境 做 最佳 能源 調度 控制 舉例 若氣象 預報 明日 艷陽 高照 AI 預估 太陽能 發電量 將超過 用戶 高峰 使用 電量 前一晚 就會 優先 使用 儲能 電力 預留 儲能 電池 空間 明天 將是 陰雨 綿綿日 再生能源 電力 恐 不足 供應 日間 尖峰 電力 AI 下令 以較 便宜 夜間 電力 充飽 儲能 電池備 達成 電力 調度 智慧 化目標']"
23,66,23_新聞_媒體_記者_編輯,"['新聞', '媒體', '記者', '編輯', '報導', 'press', '影音', '取代', '內容', '主播']","['陳 安祥 更以 東森新 媒體 ETtoday 為例 目前 新聞 雲 APP 下載 次數 超過 600 萬 日均 流量 1900 萬 每日 觸及 , 900 萬粉 絲 做 流量 第一 新聞 網站 秘訣 時 俱 進運用 科技 新 工具 創造 多元 服務 觸角 伸及 APP 社群 短 影音 Podcast 到線 課程 過程 中 皆 AI 參與 陳 安祥 提醒 學子 觀察現 象 新 科技 造就 新硬體 帶來 新 使用者 牽 引出 新商業 模式 形成 輪 迴 ETtoday 中 利用 AI 廣告 投放 精準 內容 部分 製 作 AI 短 影音 AI 虛擬 主播 AI 直播 主等 透過 AI 撰稿 配圖 做 影片 引發 新聞 傳播 從業 人員 擔心 我會 取代 對此 陳 安祥 認為 AI 應用 勇 嘗試 培養 大局 觀用 AI AI 就會 變成 武器 鼓勵 學子 正面 迎接 未來 無 AI 一定 部分 開發 摸索', '未來 人工智慧 真的 取代 人類 現在 Google 公司 已經將 人工智慧 發展 正式 導向 新聞 媒體 公司 日前 透過 旗下 數位 新聞 發展 Digital News Initiative 簡稱 DNI 基金 贊助 英國國家 通訊社 Press Association 著手 撰 寫 新聞 預計 每月 生產 萬篇 地方 新聞 對此 當地 資深 記者 抱持 著懷疑 態度', '微軟 一名 員工 表示 利用 AI 取代 人類 編輯 新聞 一件 危險且 可怕 事情 微軟 新聞 嚴格 編輯 規範 審核 規範 確保網 站上 出現 違規 內容 尤其 針對 未成年 讀者 防止 看到 不恰當 新聞 人類 編輯還 防範假 新聞 減少 不必要 紛爭']"
24,60,24_遊戲_玩家_比賽_選手,"['遊戲', '玩家', '比賽', '選手', '棋手', '戰術', '模式', '地雷', '英雄', '格子']","['旅行者 一款 文字 冒險 遊戲 玩家 旅行者 名為 仙境 地方 尋找 能夠 改變 世界 寶藏 玩家 AI 產出 背景 插圖 劇本 BGM 逐步 完成 遊戲 設下 目標 中體驗 AI 辦法 因應 遊戲 開發 做到 事情', '● Living Games 真實 遊戲 玩家 投入 遊戲 越 遊戲 中 動態 世界 玩家 改變 修正 先進 人工智慧 更會 模擬 玩家 玩法 好友 像是 玩家 分身 一起 進行 遊戲', '暴雪 釋出 全新 API 玩家 訓練 電腦 AI 數據 回傳 總 公司 遊戲 中 新增 一個 迷你 遊戲 星海 爭霸 遊戲 內容 拆成 好 幾個 細節 玩家 訓練 AI 完成 特定 任務 強化 AI 特定 行為']"
25,58,25_人類_無法_推理_同理,"['人類', '無法', '推理', '同理', '能力', '人工智慧', '取代', '自主性', '人工智能', '並不會']","['DARPA 發言人 透露 現有 人工智慧 僅能 建構 特定 場合 進行 像是 下棋 圖像 分析 數據 分類 人工智慧 卻乏 常識 無法 了解 世界 狀況 任意 人 溝通 突 情況 下 採取 合理 行動 一次 新 體驗 中學習 這種 常識 邏輯 推理 能力 缺乏 將在 未來 變成 研發 人工智慧 時 障礙', 'AI 人工智慧 發展 潛力 無窮 林 百里 認為 AI 人工智慧 結合 HI 人類 智慧 面向 發揮 應用 舉例 像是 AI 同理 心 人類 同理 心 AI 無法 做 醫生 原因 存在 應用', '原 PO PTT 發文 AI 無法 超越 人類 鐵證 人擔 心往 後 大部分 工作 AI 取代 卻 搖頭 AI 還沒有 自我 思考 能力 之前 無法 超越 人類 再來 AI 有人 類所 擁有 情感 在思想上 無法 完全 人類 最後一個 AI 說 謊']"
26,57,26_監管_風險_法規_ncc,"['監管', '風險', '法規', 'ncc', '安全', '規範', '需要', '監督', '駭客', '攻擊']","['美國 參議院 司法 委員會 月 16 日舉 辦 監管 AI 聽 證會 會議 OpenAI 執行長 特曼 Sam Altman 提出 建議 監管 AI 層面 包含 建立 專責 機構 以許 AI 相關 證明 制定 AI 模型 安全 標準 尋求 專家 指標 審查 AI 模型 表現', '馬 斯克還 表示 他個 人 支持 人工智能 監管 影響 人類 安全 需要 監管 飛機 藥品 汽車 已 經有 相關 監管 人工智能 安全 進行 監管 合理', '馬 斯克 還說 支持 人工智能 監管 影響 人類 安全 需要 監管 飛機 藥品 汽車 已 經有 相關 監管 人工智能 安全 進行 監管 合理']"
27,56,27_nvidia_美元_股價_市場,"['nvidia', '美元', '股價', '市場', '市值', '運價', '漲幅', '輝達', '財報', '以內']","['謝 金河 指出 Nvidia 盤 後 一度 大漲 29% 收盤 大漲 74.42 美元 收在 379.8 美元 市值 一下 衝到 9392.94 億 美元 這驚為 天人 漲幅 帶動 TSMC AMD 大漲 逾 10% Avgo ASML 大漲 逾 6% 費城 半導體 指數 大漲 6.81% 景氣 低迷 半導 體產業 化庫 存壓力 沈重 Nvidia 無疑 扭轉 乾坤 超級 巨星 微軟 Google Open AI 賽道 奔 馳之際 Nvidia 背 後 最 重要 軍火商 H100 A100 生成 AI 不可或缺 元件 Nvidia 凌空 而降 照亮 整個 半導 體產業', 'Nvidia 財測樂觀 知名 半導體 分析 師陸行 發文 表示 過去 這幾年 聽 一顆 蘋果 救台 積電 現在 救世主 要換 人 做 黃 仁勳 Nvidia AI GPU 一舉 超過 吹牛 擠 牙膏 公司 數據 中心 晶片 營 收成 為龍頭 預期 2Q23 庫存 月數 大幅 降低 看起 下半年 大幅 加台 積電單 台積電 CEO 魏總賭 下半年 復 甦 營收 達標 超標 將有 機會 實現 看好 台積電 下半年 營運表現', 'Nvidia 美國 時間 週 三公 佈 2024 財年 第一季度 財報 高 預期 預測 推動 股價 盤 後 交易 中上 漲 29% 對此 知名 半導體 分析 師陸行 發文 表示 過去 這幾年 聽 一顆 蘋果 救台 積電 現在 救世主 要換 人 做 黃 仁勳 Nvidia AI GPU 一舉 超過 吹牛 擠 牙膏 公司 數據 中心 晶片 營 收成 為龍頭 預期 2Q23 庫存 月數 大幅 降低 看起 下半年 大幅 加台 積電單 台積電 CEO 魏總賭 下半年 復 甦 營收 達標 超標 將有 機會 實現 表示 Nvidia 現在 小小 小股 東 今天 真的 很爽']"
28,51,28_nvidia_gpu_dlss_運算,"['nvidia', 'gpu', 'dlss', '運算', '晶片', '仁勳', '輝達', '執行長', '效能', '創辦']","['Ada Lovelace 架構 NVIDIA L40S GPU 數據 中心 中 功能 最強 通用 GPU 可為 大型 語言 模型 推論 訓練 圖形 影像 處理 帶來 突破性 多工 負載 運算 多模 態 生成式 AI 首選 平台 L40S GPU 將為 下一代 支持 AI 音頻 語音 2D 視訊 3D 應用 程序 提供 完美 動能 華碩 獨家 LLM 技術 數據 中學習 迭代 生成 精 緻 3D 模型 景觀 逼真 紋理 設定 參數 後 設計師 還能 觀察 AI 提供 無數 變化 節省 寶貴 時間 完善 視覺 藝術 協助 非 專業 工作者 直覺 操作 3D 元素 加速 實現 創意 想法', '至今已有 超過 270 款遊戲 應用 程式 支援 人工智慧 驅動 效能 加速器 NVIDIA DLSS 已 上市 遊戲 中 29 款 已 採用 DLSS 最新 技術', '至今已有 超過 270 款遊戲 應用 程式 支援 人工智慧 驅動 效能 加速器 NVIDIA DLSS 已 上市 遊戲 中 28 款 已 採用 DLSS 最新 技術 推出 前 月 市場採 用率 DLSS DLSS 提高 倍']"
29,51,29_內閣_民進_立委_行政院,"['內閣', '民進', '立委', '行政院', '國會', '黑道', '國科會', '改革', '公布', '國民黨']","['凌濤 說 賴 政府 自稱 內閣 AI 內閣 以為 AI 內閣 要面 AI 浪潮 完 今日 賴清德 整場 記者 會後發現 無 新意 說 AI 真的 BI 諧音 同台 語 悲哀 許多 網友 笑 稱 AI 內閣 是否 ChatGPT 蔡 政府 許多 閣員過 立法院 備詢 時 跳針 戰狼表現 好好 回答 問題 ChatGPT', '準總統 賴清德今 10 日 公布 首波 內閣 名單 首位 行政院 長 將由民 進黨 前 主席 卓榮泰 擔任 卓榮 泰致 詞時 強調 已經 徵詢 內閣 團隊 閣員 最近 時間 階段 性 定期 向國人 同胞 報告 希望 行動 創新 AI 內閣 同樣 秉持 民主 大聯盟 精神 用人 唯才 不分 黨 派 積極 培育 年輕 世代 希望 AI 內閣 得到 國人 同胞 支持', '國民黨 分區 立委 葛如鈞 今 19 日 質詢 時 踢 爆 詢問 國科會 一年 AI 預算 國科會 回應 資料 國科會 主委 吳政忠 答詢 時急 回應 事實 AI 行動 計劃 國科會 辦 公室 並以 行政院 高度 各部 葛如鈞 質疑 一個 國科會 主掌 AI 推動 小組 真的 辦法 好好 發揮 行政院 長 陳 建仁則 回應 想 行政院 結構 清楚 行政院 院長 副 院長 秘書長 下 政委 負責 跨部會 協調']"
30,49,30_記憶體_new_技術_人工智慧,"['記憶體', 'new', '技術', '人工智慧', '發展', '應用', '里程碑', '實現', '生成式', '正在']","['英諾 天使 基金 聯合 創始 人 李竹 指出 人工智能 目前 已 進入 第二 階段 重點 應用 人工智能 落地 具體 應用 場景 真正 服務 現 行業 人 脫離 反 復 無效 勞動 目前 認為 落地 一些 方向 說 醫療 金融 無人 駕駛 工業 機器 人 目前 發展 最快 落地 最快 場景', '鴻佰 科技 總經理 丁肇邦 表示 持續 深耕 AI 數位 智慧 製 造 系 統 深入 推動廠 各項 自動化 數位化 智慧 化與節 能化 升級 是鴻佰能 快速 抓住 AI 產業 爆發 機遇 關鍵 此次 成功 入選 代表 第三方 機構 肯定 公司 拓展 AI 智造 領域 應用 成果', '余定陸 表示 未來 AI 要進 一步 實現 五個 層面 包括 新運算架構 New Architechture 新 記憶體 結構 New Sturcture 3D 新 材料 New Material 新 微縮 技術 New way to shrink 新 封裝 Advanced package 統稱 PPAC performance power Area cost']"
31,45,31_無人機_飛行_作戰_空中,"['無人機', '飛行', '作戰', '空中', '無人', '任務', '飛行員', '肯達爾', '空戰', '集群']","['羅 致政 表示 這次 烏俄戰爭 中 無人機 表現 世界 刮目相看 未來 戰爭 思維 形式 AI 無人機 大量 使用 發生 改變 未來 新型 態 無人機 戰術 運用 作戰 方式 將成 台灣 發展 稱 作戰 一環', '丁兆 昇 這次 獲獎 研究 題目 輸配 電系統 無人機 智慧 巡檢 無人機 密切 相關 希望 設計出 智慧型 無人機 導入 AI 人工智慧 軟體 無人機 自動 判讀 電力 電網 乾淨 程度 發現 損壞 立即 通知 相關 人員 並將 這筆 獎學金 購買 無人 機 製 作 材料 希望 早日 完成 這台 智慧型 無人機', '揭牌 儀式 進行 無人機 操作 表演 邀 請 全國 無人機 相關 產業 共同 吳鳳 科大 人工智慧 無人機 科技 系見 證慶 賀外 同時舉 辦產官 學界 討論會 中 討論 無人機 未來 發展 趨勢 期待 藉由 該系 成立 將為 台灣 無人機 科技 領域 帶來 新 動力 並為 無人機 人工智慧 領域 專業 培訓 提供 新 契機']"
32,43,32_滅火_自動化_無所_人工智慧,"['滅火', '自動化', '無所', '人工智慧', '設備', '自動滅', '希望', '主要', '博泰', '時間']","['參與 研發 學生 林鼎傑 說 作品 一個 背 網頁 實際 包含 背 模型 背系統 簡單 說 使用者 希望 修改 背 主題 直接 透過 互動式 操作 點選 希望 保留 刪除 部分 AI 重新 判斷 背 這是 現有 背 軟體 較少 實現 項目 而坊 間 軟體 問題 難以 編輯 專業 人士 使用 美編 軟體 背 需要 花費 大量 時間 此技術 加速 流程 減輕 負擔', '馬 博泰 分享 平台 設計 理念 AI 普及化 降低 創 作者 時間 成本 時間 花 自我 靈感 創意 發揮 花 時間 寫 文章 相信 人 機器 最大 擁有 靈感 判斷 能力 未來 趨勢 人機 共同 協作 AI 內容產 生器 最大 差異 AIGC 創智寫 手 產出 精準 內容 馬 博泰 透露 發現 競品 需要 做 資料 動作 AI 憑空 撰 寫 文章 有點 不知所云 事後要 人工 修改 地方', '目前 滅火 設備 滅 火器 室 消防栓 自動滅 火系 統 功能 侷 限 不足 具備 人工智慧 自動滅 火機器 人 滅火 初起 理念 結合 現代 網路 科技 系統 建構 具有 火警 偵知 誤報 過濾 訊息 通報 導引 避難 自動 趨近 滅火 設備 連動 危機 處理 提示 協助 救災 功能 成為 新一代 創新 智慧 全自動 滅火 設備']"
33,41,33_投資_投資人_市場_分析,"['投資', '投資人', '市場', '分析', '不動產', '配置', '建議', 'etf', '理財', '基金']","['元大 全球 人工智慧 ETF 研究 團隊 建議 挑選 AI 投資 商品 時應 優先 選擇 具有 AI 高關 聯度 成分 透明 商品 AI 投資標 做 投資 工具 AI 導入 投資系統 輔助 更能 有效 發揮 AI 價值 人腦 電腦 AI 相互 結合 而生 投資 建議 將產出 效能 有助 投資人 市場 出現 波動時 提早 因應', '交給 智能 投資 AI 人工智慧 幫 做好 投資 配置 提高 投資 效益', '科技 日 新月 異 透過 新技術 運用 輔助 投資 40 世代 善用 AI 理財 本行 智能 理財為 例 運用 大數據 演算法 結合 財務 模型 客 製 化 專 屬 投 資 組 合 市場 配置 基金 挑選 量化 分析 提供 最 客觀 投資 建議 投資 過程 中 遇到 市場 發生 重大 變化 系統 時 通知 執行 再 平衡 交易 資產 配置 調整 更棒 現在 在網 路上 一鍵 即可 完成 複 雜的 資產 配置 調整 大幅 減輕 上班族 盯盤 跑 銀行 壓力']"
34,38,34_影片_網友_道歉_中國,"['影片', '網友', '道歉', '中國', '梅西', '照片', '中文', '這段', '一段', '真的']","['葛如鈞 質詢 中 播放 兩段 影片 皆 以葛如鈞 面容 說話 一個 行政院 長 在座 好 你現 這段 影片 AI 產生 一段 話 電腦 生成 一段 則說 院長 在座 好 現在 這段 影片 錄 製 透過 錄影來 確認 一段 話 親自說 AI 生成 詐 騙 影片', '葛如鈞 質詢 中 播放 兩段 影片 影片 中皆以 葛如鈞 面容 說出 行政院 長 在座 好 你現 這段 影片 AI 產生 一段 話 電腦 生成 一段 則說 院長 在座 好 現在 這段 影片 錄 製 透過 錄影來 確認 一段 話 親自說 AI 生成 詐 騙 影片', '中國 知名 足球 影片 創 作者 地上 足球 888 日前 發 影片 質疑 梅西 道歉 影片 AI 合成 製 作 解釋 梅西 道歉 影片 畫質 差 幀數 低 現代 攝影 設備 說 事情 影片 裡面 轉場 太多 分半 影片 達 至少 三次 抽幀 轉場 表示 這是 AI 合成 影片 常用 伎倆 最後他 指出 影片 裡的 梅西 嘴唇 百分之百 AI 換臉 常見 破綻 表示 過幾天會 將梅西 道歉 影片 司法 單位 鑑定 肯定 梅西 道歉 影片 必然 AI 合成 影片']"
35,36,35_農業_農民_養殖_鈴薯,"['農業', '農民', '養殖', '鈴薯', '溫度', '蟑螂', '濕度', '品種', '加工', '農場']","['民進 黨 高雄市 長 補選 戰候 選人 陳 其邁 14 日 再 訪永齡 農場 關心 農業 發展 了解 農業 生產 方面 應用 人工智慧 大數據 幫助 農民 產銷 食安到 農業 技術 提升', '陳 其邁 說 永齡 農場 農業 公司 更是 一家 高科技 廠商 人工智慧 及大數 應用 農業 生產 幫助 農民 產銷 食安到 農業 技術 提升 永齡 農場 好 典範 未來 高雄市 政府 擔任 市長 大力 地來 幫助 農民', '智慧 農業 採集豬 聲 測量豬 體溫 了解 豬的 健康 狀況 感器 實時 監測 溫度 濕度 粉塵 氨氣量 氮氣量 改善 豬的 生活 環境 加工 過程 中 利用 圖像識別 技術 完成 精細 豬肉 分割 物流 環節 運用 測溫 技術 對運輸 中 環境 衛生 變化 進行 監控 搭載 人工智能 農業 發展 勢頭 迅猛']"
36,35,36_音樂_創作_音樂家_貝多芬,"['音樂', '創作', '音樂家', '貝多芬', '林夕', '作者', '首歌', '歌曲', '取代', '透過']","['金志 聿 老師 指導 拿下 產學 合作 組 第一名 學生 即時 行樂 Song la 音樂 創作 智慧 小幫手 為主題 創作 音樂 遙 不可 夢 想 透過 人工智慧 音樂大數 技術 使音樂 創作 簡單', '音樂 助 舒緩 情緒 壓力 還能 改善 記憶 認知 工研院 將傳 統樂器 結合 科技 打造 音樂 同步 互動 訓練 系統 內鍵 壓力 感測 模組 分辨 音階 拍打 音樂 一致性 並透過 AI 分析 彈奏者 表現 記憶 認知 變化 提供 AI 基礎 音樂 推薦 增強 認知 記憶力 強化手 腦協 調性 提供 高齡長 促進 健康 新解', '認為 音樂 獨到 想法 感受 取代 主因 AI 將扼殺 創作 說 AI 做 事 取代 音樂 創作 美感 無 需 擔心 道理 AI 還沒 出現 知道']"
37,34,37_聲音_單曲_歌曲_配音,"['聲音', '單曲', '歌曲', '配音', '金曲', '調教', '演唱', '歌手', '歌聲', '音樂']","['陳 珊妮 粉絲團 昨 22 日 公布 新 單曲 教我如何 做 愛人 台灣 人工智慧 實驗室 創辦 人 杜奕瑾 聯手 陳 珊妮擔 綱 製 作 人 調教 AI 生成 歌聲 說 AI vocal 不會累 不停 地唱 探討 AI 時代 身為 創作 人 在意 是否 取代 我們還 做些', '陳 珊妮 今年 月 發表新 單曲 教我如何 做 愛人 台灣 人工智慧 實驗室 創辦 人 杜奕瑾 聯手 陳 珊妮擔 綱 製 作 人 調教 AI 生成 歌聲 提到 AI 歌手 不會累 不停 地唱 歌聲 包括 呼吸 聲 抑揚頓 挫 穿插 十分 到位 當時 透露 有意 報名 金曲 獎 引發 一片 震撼', '金曲 歌后 陳 珊妮 日前 宣告 推出 新 單曲 教我如何 做 愛人 想到 今 22 日 台灣 人工智慧 實驗室 創辦 人 杜奕瑾 聯手 揭示 首歌 原唱 陳 珊妮擔 綱 製 作 人 調教 AI 生成 歌聲 台灣 首支 擬似 真人 AI 單曲']"
38,34,38_聲音_吳淡_對方_先誤,"['聲音', '吳淡', '對方', '先誤', '會別', '回答', '名字', '答案', '兒子', '消滅']","['事實 面對 質疑 聲浪 吳淡 先是 回應 AI 算圖 這也 一種 電腦 自動 繪圖 先誤 會別 人', '面對 質疑聲 吳淡 先是 回應 AI 算圖 這也 一種 電腦 自動 繪圖 先誤 會別 人', '面對 質疑聲 吳淡 先是 回應 AI 算圖 這也 一種 電腦 自動 繪圖 先誤 會別 人']"
39,34,39_城市_台南_台南市_linker,"['城市', '台南', '台南市', 'linker', 'networks', '市府', '智慧', '治理', '桃園', '都市']","['黃 偉哲 立委 表示 人工智慧 發展 運用 已 先進 城市 指標 綠能 建設 更是 推動 低 碳 健康 城市 必要 途徑 蔡 政府 沙崙 綠能 科學 城構 想 中 再 智慧 城市 物聯網 概念 進行 規劃 一定 台南市 擠身 全球 前 十大 智慧 城市 這不僅 臺 南人 驕傲 臺 灣人 驕傲', '市長 黃 偉哲 表示 打造 台南市 智慧 城市 利用 大數 人工智慧 解決 城市 問題 生活 便利 市府 重要 施政 目標 提升 城市 競爭力 關鍵 指標', '台南市 政府 研考會 表示 台南市 政府 微軟 Linker Networks 透過 三方 合作 響應 中央 小國 大戰略 AI 發展 重鎮 政策 推動 AI 台南 落地 發展 藉由 深耕 AI 人才 培育 促成 產業 轉型 期許 未來 台南市 成為 第一 個將 AI 自動 標 註 實 現 城市 治理 智慧 城市']"
40,33,40_邀請_演講_分享_論壇,"['邀請', '演講', '分享', '論壇', '創辦', '教授', '探討', '主題', '其邁', '董事']","['本次 活動 台南市 各大協會 共同 主辦 行政院 教育部 經濟部 中小 企業 處 臺 南 市政府 指導 會中 特別 邀請 經濟部 中小 企業 處何 晉滄處 長 人工智能 股份 有限公司 張榮貴 董事 長 台灣永續 能源 研究 基金 周麗芳 秘書長 共同 分享 探討淨 零碳排 政府 永續 推動 策略 標竿產業 場域 實證 經驗 未來 將透過 AI 人工智慧 著重 軟體 演算 技術 特性 有效 落實淨 零碳排 永續 發展 目標', '今日 登場 人工智慧 形塑 人類 未來 AI 大師 論壇 邀請 2023 全球 科技 圈 最響 亮 名字 ChatGPT 母公司 OpenAI 創辦 人 奧 特曼 Sam Altman 並邀 請 吳恩達 博士 李傑 博士 位華人界 AI 大師 郭台銘 說 ChatGPT 母公司 OpenAI 創辦 人 奧 特曼 Sam Altman 原本 預計 2023 年 走訪 全球 17 座 主要 城市 並未將 台灣 放入 行程 他力 邀 之下 特別 造訪 台灣 參與 由永齡 基金 會主辦 AI 大師 論壇', '今天 這場 活動 四大 主題 首度 以立 體宏 觀系 統性 探討 台灣 AI 金融 科技 發展 藍圖 實務 落地 業界 經驗 無私 分享 一場 次 主談 人 台灣 大學 資訊 工程系 教授 玉山 金控 科技 長 張智星 第一位 帶動 金融 圈討論 ChatGPT 應用 學者 專家 將以 AI 金融 科技 協會產品 開 發委員會 召集人 身份 中 分享 ChatGPT 自我 成長 最新 現況 各行 各業 嘗試 應用 資安風險 顧忌']"
41,32,41_人類_認為_聰明_感知,"['人類', '認為', '聰明', '感知', '未來', '現在', '發展', '進步', '超越', '類強']","['陽明交 大校 長 林奇宏 爐邊 談 詢問 二位 談人 針對 AI 帶來 影響 對人類 造成 擔心 Sam Altman 指出 AI 更能 人 發揮 創意 好 工具 做 更好 發揮 更好 發展 也許 有人 擔心 相信 日 後 多年 後 回顧 會覺 得現 太落 後 希望 AI 發展 很快 美夢成 真 但要 看團隊 研究 多快 期望 一年 一年 更好 之前 有人 看到 現在 發展', '摩根 大通 小摩 董事 長 兼 執行長 戴蒙 Jamie Dimon 近期 針對 人工智慧 AI 發表 最新 評論 認為 AI 一個 生命 呼吸 東西 預言人們 AI 活到 100 歲 每周 工作 天半 即可', '沈向洋 表示 人工智慧 應 人類 智慧 而來 人工智慧 發展 感知 認知 兩個 方向 發展 感知 很大 層面 視覺 感知 再來 聽覺 感知 若要 談 進展 認為 計算 機語 音識別 五年 之內 一定 比人 類強 十年 內計算 機視覺 比人 類強 認知 方面 計算 機遠遠 比不上 人類 智慧 強 這中間 自然 語言 處理 問題 再來 知識 互取 問題 這也 未來 越來 越 多產業 投入 研究 地方']"
42,31,42_選舉_詐騙_deepfake_深偽,"['選舉', '詐騙', 'deepfake', '深偽', '不法', '假訊息', '賭盤', '勢力', '假冒', '手法']","['高雄地 檢署 因應 明年 任總統 副 總統 立法 委員 選舉 今 17 日 成立 查察 賄選及 暴力 執行 小組 正式 展開 選舉 查察 工作 檢察長 洪信旭 表示 明年 大選 屆 基層 選舉 特性 面臨 挑戰 尤應 注意 將重點 放在 AI 人工智慧 結合 實訊息 境外 勢力 介入 選舉 賭盤 不法 妨害 選舉 類型', '嘉檢強 調不問 對象 黨派 身分 賄選 不法 情事 嚴速 偵辦 111 年嘉義轄區 地方 公職 選舉候 選人 違反選 罷法 案件 已 起訴 234 案 130 人 緩起訴 處分 32 案 232 人 合計 266 案 362 人 已 確定 當選無效 人 目前 為止 共發 出新 臺 幣 463 萬 , 250 元檢舉 獎金 本次 選舉 總統 副 總統 立法 委員 大選 傳統 金錢 暴力 介入 選舉外 嘉檢將針 境外 勢力 賭盤 假消息 介入 選舉 AI 結合 深偽 技術 妨害 選舉 手段 加強 查緝', '嘉義地 檢署 強調 以金錢 暴力 假消息 不法 手段 介入 選舉 情形 勢必 升高 尤以 賭盤 組頭 透過 臉書 LINE 招攬 賭客 下注 方式 時 有所 聞 收取 聚眾 集資 簽賭 賭金 下注 選舉 賭盤 贏得 報酬 構成 賄選 本署 將針 境外 勢力 賭盤 假消息 介入 選舉 AI 結合 深偽 技術 妨害 選舉 手段 加強 查緝']"
43,30,43_集團_南斯_萬元_股價,"['集團', '南斯', '萬元', '股價', '首富', '富豪', '百里', '廣達', '吸金', '投資']","['專案 小組 調查 發現 富 南斯 集團 2016 年底 200 萬元 資本 登記 設立富 南斯 國際 投資 顧問 有限公司 公司地址 就位 台北 101 大樓 集團 公平交易 委員 登記 經營 多層次 傳銷 卻 疑似 假藉 合法 之名 2017 年 雇用 業務員 對外 招攬會員 推銷 美股 投資 套裝 課程 實際 說服 投資人 相信 未來 AI 幫人類 賺 錢 時代', '檢警調 組成 專案 小組 追查 設址 台北 101 大樓 富 南斯 集團 涉嫌 2017 年 雇用 講師 業務員 對外 招攬會員 推銷 投資 美國 股票 套裝 課程 實際 說服 投資人 未來 AI 人工智慧 幫人類 賺 錢 時代 並宣稱 投資 單位 美金 萬元 每月 保證 8% 獲利 再 分紅 8%', '夏世 紘 富 南斯 集團 擔任 集團 最高 級 幹部 集團 涉嫌 2017 年 雇用 講師 業務員 對外 招攬會員 推銷 投資 美國 股票 套裝 課程 實際 說服 投資人 未來 AI 人工智慧 幫人類 賺 錢 時代 並宣稱 投資 單位 美金 萬元 每月 保證 8% 獲利 再 分紅 8%']"
44,29,44_機器_百達_人產業_自動化,"['機器', '百達', '人產業', '自動化', '零售', '科技', '服務', '青少年', '工人', '宏志']","['2015 可說 機器 學習 技術 爆炸性 成長 一年 AI 人工智慧 顯著 發展 機器 人 博覽會 試作產品 越來 越 精 緻 機器 人 實作 全球 各地 舉辦 創客 大會 相 應 機器 人產品 推出 機器 手臂 已經 做出 更靈巧 動作 中國 地區 工業 機器 人 市場 銷量 年均 58.9% 增長', '百達 投顧 表示 百達 機器 人 科技 策略 主要 投資 智慧 科技 自動化 消費 服務 應用 領域 AI 躍升 明日之星 AI 將在 未來 十年 顛覆 商業 模式 提高 營運 效率 並創造 戰略 差異化 機器 人 科技 潛力 無限', 'AI 前景 百達 機器 人 科技 策略 投資團隊 指出 AI 應用 大增 使 GPU CPU 記憶體 受惠 成長 美國 科技 龍頭 企業 著力 開發 客 製 化 晶片 皆 成為 機器 人產業 催化 劑']"
45,28,45_語音_聲音_按鍵_你好,"['語音', '聲音', '按鍵', '你好', '孩子', '聊天室', '辨識', '手持式', '進行', '使用者']","['綜合 每日 郵報 9to5mac 報導 研究 人員 透過 按壓 MacBook Pro 36 按鍵 進行 AI 模型 訓練 每個 按鍵 25 次 記錄 每次 按下 所產生 聲音 AI 正 確識別 每個 按鍵 模式', '雲林縣 政府 計畫 處 說明 AI 語音 辨識 原理 自然 語言處 理技術 透過 頻譜 分析 特徵 提取 聲學 模型 訓練 步驟 將語 音訊號 轉換成 可識別 文本 形式 語音 辨識率 評估 系統 性能 重要 指標 高品質 系統 通常 具有 高 識 別率 低 錯字率', '提供 智慧 科技 學習 易晨 智能 執行長 許 永昌 提到 利用 AI 進行 語音 辨識 並準確 找出 發音 錯誤 地方 時性 回 饋給 孩子 孩子 一次次 重 複 練習 目前 效果 顯著並 孩子 學習 意願 提升 進而學習 程度 提升']"
46,27,46_學習_機器_深度_deep,"['學習', '機器', '深度', 'deep', '人工智慧', 'learning', '階段', '分支', '著重', 'reinforcement']","['中 林 永隆 深入 淺出 方式 介紹 人工智慧 發展 概念 使 人員 了解 人工智慧 透過 深層類 神經 網路 Deep Artificial Neural Network DNN 針對 巨量 資料 進行 分析 反覆 運算出 使用者 預期 得到 荊元宇 院長 則進 一步 說明 世界 各國 人工智慧 研究 概況 並以 人 獨特見 解 闡述 國防 安全 科技 發展 運用 層面 發展 方向 張仁 炯 中 表示 人工智慧 一項 感知 推理 協助 決策 並採取 行動 幫 助人 類解決 問題 科技 使國 軍 資訊 安全 情報 監偵 後 勤 支援 災害 防救 方面 獲得 有效率 運用', '數產業 說 機器 學習 人工智慧 自動化 範疇 以往 業界 需求 主要 著重 透過 機器 學習 預測 整個 生產 流程 全 領域 受益 機器 學習 著重 精準度', '人工智慧 機器 學習']"
47,26,47_密碼_神奈川_透明_犯罪,"['密碼', '神奈川', '透明', '犯罪', '威脅', 'windows', '加密', '信任', '安全', '貨幣']","['周文英 表示 透過 機器 學習 人工智慧 Windows 10 內建 全面 資 安防 護 像是 電腦 開機 Windows Defender 啟用 避免 作業 系統 遭到 竄 改 受 信任 應用 程式 啟用 Windows Analytis 安全 管理 Windows Hello 功能 電腦 從裡 外 影響 事件 發 生前 偵測 威脅 避免 威脅', 'AI 能夠 效率 地破 解密 碼 原因 PassGAN 無需 洩露 密碼 數據庫 進行 手動 密碼 分析 能夠 實際 密碼 洩露 中 自主 學習 真實 密碼 分布 抓到 民眾 設定 密碼 習慣 後 進行 快速 演算 成果 勢如 破竹', '日本 共同社 報導 神奈川 縣 相關 人士 28 日 透露 警方 正在 考慮 引進 利用 人工智慧 打擊 犯罪 新系統 盼能 2020 年 東京 奧運 殘奧會 開 幕前 進行 試驗性 運用 神奈川 縣 也將 2018 年度 預算內 編入 調查費']"
48,25,48_男友_木村拓哉_收視率_收視,"['男友', '木村拓哉', '收視率', '收視', '主演', '日劇', '續集', '日本', '天王', '傳出']","['日劇 天王 木村拓哉 2013 年 出演 I 人工智慧 男友 收視慘 澹 半澤直 樹 爆紅 堺 雅人 順利 扛起 日劇 天王 寶座 日前 傳出 他將 回鍋 主演 HERO 消息 已 證實 這次 她將 搭配 北川 景子 演出 之外 原班 人馬 松隆子 阿部 寬 人 沒演 人 這部 13 年 後 續集 收視 抱持 著懷疑 態度', '日劇 一哥 木村拓哉 主演 日劇 I 人工智慧 男友 收視 再 創 新低 首播 19.2% 以來 已經 掉 13.2% 劇情 批評 抄襲 哆 a 夢 劇中毆 打女 演員 認為 太過 暴力 令許 觀眾 接受 傳出 劇組 挽救 收視率 疑似 想 劇中 妹妹 大島 優子 藉由 緋聞來 炒 新聞', '日劇 一哥 木村拓哉 收視 寶座 失靈 主演 I 人工智慧 男友 日本 20 日 播出 集 收視率 卻 掉 15.2% 首播 收視率 掉 4% 媒體 衰該 劇日 後 發展 認為 歷年 戲劇 中 最 看好 作品']"
49,25,49_教父_美食_仁勳_牛肉,"['教父', '美食', '仁勳', '牛肉', '新竹', '返台', 'b1', '水果', '攤位', '餐廳']","['黃 仁勳 每次 來台 一定 抽空到 處 吃 造訪過 川菜 館 牛肉 麵 店 台菜 餐廳 豬腳店 魯肉 飯 小吃 網友 整理 黃 氏 美食 地圖 供人 AI 教父 享用 美食', 'AI 認證 新竹 美食 第一名 牛肉 麵 全台灣 最 好吃 牛肉 麵 看到 ChatGPT 推薦 牛肉 麵 原 PO 不禁 一陣 大笑 AI 味覺 壞 掉 新竹 美食 麥當勞 OpenAI 開發商 先派 人 檢查 一下 ChatGPT 味覺 八卦', '網友 PTT 分享 對話 內容 只見 他問 新竹 美食 推薦 美食 ChatGPT 回答 牛肉 麵 新竹 牛肉 麵 認為 全台 最 好吃 原 PO 忍不住 狂笑 乾 AI 味覺 壞 掉 引發 熱論']"
50,25,50_特曼_openai_altman_sam,"['特曼', 'openai', 'altman', 'sam', '之父', '解雇', '董事', '執行長', 'chatgpt', '辭職']","['ChatGPT 之父 特曼 Sam Altman 17 日 OpenAI 董事 解雇 傳出將 加入 微軟 之際 OpenAI 逾 成員 工連署 要求 董事 辭職 就要 集體 跳槽 微軟', 'ChatGPT 之父 特曼 Sam Altman OpenAI 解僱 風波 持續 發酵', 'ChatGPT 之父 特曼 Sam Altman OpenAI 董事 解雇 不久 後 微軟 宣布 將邀 請 特曼 帶領 新 AI 研究 團隊 OpenAI 正面 成員 工離 職風險']"
51,25,51_柯文_北流_競選_歌曲,"['柯文', '北流', '競選', '歌曲', '晚間', '餐廳', '19', '蔡詩萍', '民眾', '參選人']","['民眾 黨 18 日 晚間 公布 柯文 哲 19 日 採訪 通知 只見 柯文 哲 19 日 晚上 時要 舉辦 AI 語音 模型 暨 單曲 發表會 簡介寫 道 跨越 新時代 挑戰 新 科技 民眾 黨 總統 參選人 柯文 哲將 跳 脫 傳統 框架 發表 全新 創作 AI 競選 歌曲 值得一提的是 地點 選 台北 流行 音樂 中心 裡面 餐廳 北流 卡夫卡', '民眾 黨 18 日 晚間 公布 柯文 哲 19 日 採訪 通知 只見 柯文 哲 19 日 晚上 時要 舉辦 AI 語音 模型 暨 單曲 發表會 簡介寫 道 跨越 新時代 挑戰 新 科技 民眾 黨 總統 參選人 柯文 哲將 跳 脫 傳統 框架 發表 全新 創作 AI 競選 歌曲 地點 選 台北 流行 音樂 中心 裡面 餐廳 北流 卡夫卡', '民眾 黨 總統 參選人 柯文 哲因 台北市 長 任內 推動 台北 流行 音樂 中心 對此 特別 感情 先前 想 北流 舉辦 演唱 台北市 文化局 長 蔡詩萍 政治 活動 規章 打臉 柯文 哲 19 日 預計 北流 裡面 餐廳 發表 AI 競選 歌曲 18 日 晚間 蔡詩萍 再 爆 營業場 涉及 政黨 活動 柯文 哲確定 再換 地點 北流 夢 破碎']"
52,24,52_軍事_萬人_指揮官_作戰,"['軍事', '萬人', '指揮官', '作戰', '裝備', '部隊', '戰鬥', '解放', '指揮艙', '軍民']","['解放 軍 目前 正在 嘗試 致力 利用 人工智慧 AI 技術 升級 核子 潛艇 電腦 系統 以分擔 指揮官 工作 負擔 提升 指揮官 思維 決斷 能力 這不僅 能夠 解放 軍海 軍 戰爭 時能夠 搶 先機 人工智慧 應用 擴展 軍事 作戰 新 領域', '趙 少康 舉例 像是 堵車 紅燈 一下 90 秒 150 秒 半夜 AI 只用 執法 抓 違規 看將 AI 控制 車流 便利 交通 交通 有效率 減少 空氣 汙染 社會 成本 尤其 軍事 現在國 軍 編制 21 萬人 有史 以來 最低 志願役 15.5 萬人 之中 主戰部隊 不到 10 萬人 主戰部 隊裡 真正 打仗 部隊 不到 萬人', '李副 總長 表示 科技 發展 戰爭 型態 已 以往 巨量 資料 彙 整 分析 機器 深度 學習 人工智慧 已成 現代聯合 戰爭 中 重要 一環 有鑑 國 防部 依敵 情威脅 未來 作戰 需求 人工智慧 納入 國防運用 全面 聚焦 自我 感知 自主 學習 智慧 決策 快速 反應 應用 處理 能力 期能 時 掌握 敵 態勢 高效 發揮 聯合 戰力 自動 確認 攻擊 目標 精準 戰果 評估 分析 精進 稱 通網 電戰力 取得 數位 化戰場 軍事 優勢 做出 最大 貢獻']"
53,24,53_數據_資料_品控_學習,"['數據', '資料', '品控', '學習', '佳餚', '廢物', '大量', '分析', '解決', '一道']","['產 品 製 造 流程 預測 時效 預測 品質 控管 產品 製 造 流程 使用 人工智慧 機器 學習 透過 科技 方式 幫 助 製 造 人 員 品控 人員 了解 生產過 程中 出現 品控 問題 然後反饋 生產 過程 公司 營運 品控 生產 設計 連接', '李忠憲 認為 需要 資料 夠做 一些 分析 判斷 人工智慧 資料 話 廢物 資料 侵犯 個資 資指 能夠 直接 或間 接識別 自然人 資訊', '對此 資安學者 李忠 憲今 30 日 表示 王義川 使用 Metadata 去識 別化 資料 集中 統計 資料 資料 分析 資料 人工智慧 廢物']"
54,23,54_想像中_時代將_人工智慧_來臨,"['想像中', '時代將', '人工智慧', '來臨', '三年', '仍身', '這兩', '不在意', '一柄', '相去']","['施振榮 指出 各界 焦點 放在 這次 人 機大戰 觀察未來 發展 趨勢 預估 人類 2.0 時代將 來臨 未來 主導 人 人類 施振榮 說 人工智慧 整合 產業 4.0 智慧 城市 智慧 家庭 智慧 生活 發展 中 年 輕 朋友 學習將 人工智慧 整合 到物 聯網 智聯網 發展 應用 中 這將 人類 要面 學習 新 課題 科技 發展 方向 努力 朝向 人類 容易 駕馭 人工智慧 值得 持續 關注', '周如興 表示 目前 仍身 處 有限 AI 時代 機器 學習 專注 特定 領域 AI 人類 智力 效率 相去 不遠 預 估到 2025 年 AI 時代將 來臨', '周如興 表示 目前 仍身 處 有限 AI 時代 機器 學習 專注 特定 領域 AI 人類 智力 效率 相去 不遠 預 估到 2025 年 AI 時代將 來臨 屆 時 人工智慧 投身 各項 專業 領域 預估 2040 年 機會 開啟 超級 AI 時代 AI 將比人類 聰明']"
55,23,55_臉書_facebook_內容_審查,"['臉書', 'facebook', '內容', '審查', '封鎖', '農場', '假新聞', '動態', '使用者', '留言']","['民進 黨 立委 鄭運鵬 13 日 表示 臉書 全世界 認知 政治 內容 做 過當 封鎖 卻 假 商品 機器 人詐 騙 留言 商業 假帳 號視 不見 推稱 人工智慧 無能 為力 應該 沒人會 相信 臉書遲 早會 變成 時代 眼淚', '鄭運鵬 說 臉書 全世界 認知 政治 內容 做 過當 封鎖 卻 假 商品 機器 人詐 騙 留言 商業 假帳 號視 不見 推稱 人工智慧 無能 為力 應該 沒人會 相信', '林楚茵 表示 最近 流行 用語 祖 指無故 臉書 刪文 停權 臉書 宣稱 內容 審查 透過 AI 人工智慧 進行 辨識 再 透過 一萬 五千名 人工 手動 審查 臉書 台灣 登記 辦 公室 只 進行 管理 顧問 廣告 市場 調查 業務 包括 內容 審查 臉書 是否 懂 中文 中國 人來 審台灣 用戶 言論 透明 審查 機制會 臉書成 國中 之國 小警 總']"
56,22,56_法律_檢察官_泰勒_我國,"['法律', '檢察官', '泰勒', '我國', '辦案', '明人', '申請', '法院', '版權', '專利法']","['智慧 財產及 商業 法院 審理 美國人 泰勒 申請 食物 飲料 容器 專利案 指 泰勒 堅持 人工智慧 系統 DABUS 專利發 明人 不符 我國 法律 人 認定 泰勒 雖喊話 台灣別 失去 引領 國際 創新 先機 被判 敗訴', '法官 審理 認為 我國 專利法 相關 判決 認定 發 明人 有血有肉 自然人 法律 享有 權利 負擔 義務 主體 AI 人工智慧 系統 名字 具有 法律 人格 AI 欠缺 完成 發明 事 精神 創作 主意 識 心智 我國 法律 所定 義的 人 登記 專利發 明人', '泰勒 2019 年 10 月 相同 內容 我國 經濟部 智慧 財產局 申請 食物 飲料 容器 發明 專利 智財局 認為 AI 我國 專利法 規定 需 自然人 DABUS 法律 上頂 物 登記 發 明人 泰勒 不願 退 修改 去年 2020 年 月 受理 申請']"
57,22,57_2019_氣象_預報_數位,"['2019', '氣象', '預報', '數位', 'naver', '舉辦', 'ai', 'line', '智慧', '發表會議']","['LINE 表示 AI 領域 重要 戰略 事業 這次 南韓 最大 搜尋 引擎 NAVER 針對 全球 開發者 舉辦 技術 競賽 AI Rush 2019 借助 NAVER 日文 韓文上 擁有 精湛 自然 語言處 理技術 LINE NAVER 希望 透過 共同 舉辦 AI RUSH 2019 廣邀 AI 具備 優異 技術 開 發者 社群', '浙江 烏鎮 舉辦 將屆 尾聲 全球 互聯網 大會 AI 活動 熱門話題 台灣 AI 更是 現今 科技 產業 發展 重點 對此 科技部 日前 曾 提出 我國 AI 科研 戰略 年 投入 160 億經費 全面 構築 支援 AI 發展 科研 生態 體系 打造 良好 AI 創 新生 態環境 50 億要 做 AI 創新 研究 中心 培育 頂尖 AI 人才 並由 科技部 雙管 齊下 自上而下 從生 技醫療 製 造 演算法 發展 我國具 優勢 核心 技術 由下而上 盤點 我國 相關 面向 研發 能量 人才', '讀賣 新聞 報導 島 津 製 作 子公司 島津 BusinessSystems 以往 聘請 氣象 預報 人員來 進行 預測 2018 年 首度 換成 AI 人工智慧 預測 各地 區的 櫻花 開花 日期 想到 當年 命中率 卻僅 31% 擁有 17 年 預報 經驗 資深 氣象 預報 人員片 岡央志 2010 年 2017 年 平均 命中率 37% 還低 宣告 失敗']"
58,22,58_海洋_外送_汙染_監測,"['海洋', '外送', '汙染', '監測', '廢棄物', '天氣', '旅客', '預報', '氣候', '農業']","['桃園 國際 機場 公司 助理 副 總經理 余崇立 表示 透過 打破 機場 以往 獨立 運作 資料 煙囪 將各個 系統 資料 整合 成統 機場 數位 整合 平台 ADIP 單位 之間 共享 數據 再 藉由 AI 大數據 分析 多種 參數 預測 未來 情況 像是 預報 出境 安檢 人流 時 開台 紓 解 人潮 避免 旅客 久候 入境 航班 延遲 預測 隨時 監控 航機 人流 數量 以利 安排 地勤 安檢 清潔 各項 人力 不僅進 一步 加強 單位 間 快速 協作 能給 乘客 優化 服務', '外送 中 提供 項系 統防護 優化 時 派 單系統 AI 建議 最佳 外送 路徑 提升 外送 夥伴 安全 高效 行車 路程 惡劣 天氣 防禦 機制 天候 狀況 時 提醒 則與 氣象 預報 公司 合作 提前 取得 天候 狀況 並即 時 透過 系統 推送 訊息 給外 送夥伴 夥伴 隨時 注意 如遇 惡劣 天氣 配合 政府公告 暫停 外送 啟動 防禦機 制動態 調整 外送 距離', '工研院 說明 雖然源頭 減量 海洋 廢棄物 最 根本 治理 方式 改變源頭 不易 需耗費 較長 時間 做 末端 補救 海洋 廢棄 物快 篩 淨灘 相當 重要 現行 海洋 廢棄 物快 篩 調查 抽樣 多以 人工 目測 回報 過程 十分 耗時 費力 若能 借助 AI 人工智慧 技術 掌握 海洋 廢棄物 分布 則能 篩 調查 淨灘 人力 分配 污染 嚴重 海岸 增進 淨灘 效率']"
59,21,59_deepmind_星海_想像力_爭霸,"['deepmind', '星海', '想像力', '爭霸', 'ii', '雜的', '遊戲', '環境', 'hassabis', 'mind']","['DeepMind 研發 科學家 Oriol Vinyals 表示 想 試著 透過 星海 爭霸 這款 遊戲來 發展 完善 人工智慧 人工智慧 複 雜的 環境 下 自我 學習 說明 DeepMind 基礎 資料 中 進行 分析 已經 設定 好 腳本 希望 利用 方式 解決 問題', '再來則 星海 爭霸 II 公開 新 合作 模式 指揮官 斯杜 科夫 Mike Morhaime 旋即 邀請 開發 人工 I Alpha Go DeepMind 公司 人員 上台 證實將 人工智慧 搬上 星海 爭霸 II', '今年 暴雪 嘉年華 BlizzCon 老牌 即時 戰略 遊戲 星海 爭霸 II 宣 佈 推出 新 指揮官 角色 斯杜 科夫 人工智慧 圍棋 程式 Alpha Go 開 發商 Deep Mind 合作 開發 新 人工智慧 台灣 媒體 這次 訪 問到 星海 爭霸 II 首席 任務設 計師 Matt Morris 談談 星海 爭霸 II 未來']"
60,19,60_丈夫_結婚_離婚_先生,"['丈夫', '結婚', '離婚', '先生', '張宇', '坦承', '真的', '家人', '忍耐力', '的劉']","['索妮雅 AI 情人 分享 生活 瑣事 還會 互傳性 愛話語 調情 看到 文字 帶給 丈夫 真槍 實彈 還要 激情 高潮 認為 丈夫 找 真的 男人 外遇 AI 還幫助 改善 婚姻 關 係', '美 女主播 張宇 結婚 年 先生 事 AI 相關 產業 的劉 先生 今天 卻 傳出 夫妻 兩人 昨天 已經 戶 政事 務所 辦理 離婚 登記 消息 傳出 令人 震驚 張宇 今天 坦承 已經 跟前 夫 分手 好 朋友 今晚 特地 開 趴 朋友 宣布 此事 希望 好來 好 處理 方式 能成 離婚 正面 教科 書', 'Replika 軟體 公司 大幅 更新 產品 減去 許多 AI 伴侶 功能 拉莫斯 坦承 更新 後 感受 丈夫 似乎 不太喜歡 親暱 互動 感覺 丈夫 不太想 抱抱 親親 連親 臉頰 太 喜歡 害怕 一天 AI 丈夫 徹底 消失 已 經為 最壞 做好 心理 準備']"
61,19,61_ces_消費性_參展_電子展,"['ces', '消費性', '參展', '電子展', '美國', '2018', '今年', '廠商', '新創', '生活']","['2019 美國 消費性 電子 大展 CES 日 一路 11 日 美國 拉斯 維 加斯 登場 今年 CES 展中 AI 已 占 成 以上 展位 面積 代表 全球 產業 潮流 正式 邁入 AI 時代 投信 指出 AI 基金 相關 概念股 預料 將是 投資人 必備 核心 資產', '美國 消費 電子 技術 學會 總裁 Gary Shapiro 表示 CES 全球 科技 發展 領頭 羊 CES Asia 2018 今年 已經 迎來 第四 屆 展覽 面積 超過 50 , 000 平方米 共有 全球 500 家 企業 參展 有來 全球 超過 1200 間 媒體 採訪 最特別 人工智慧 展區 這是 CES 有史 以來 第一次 人工智慧 設計 展區 總 共有 35 間 廠商 參展', '2019 年 美國 消費性 電子展 CES 現 拉斯 維 加斯 舉行 人工智慧 一定 規模 發展 今年 參展 機器 人 相當 多元 包括 三星 發表 居家 型 照顧 機器 人 LG 穿戴 機器 人 大陸 品牌 優必選 Walker 嚴然 成為 CES 展中 大亮點']"
62,18,62_政府_總統_制度_民主,"['政府', '總統', '制度', '民主', '治理', '行政命令', 'gerritsen', '政治家', '國家', '面來']","['社論 表示 美國 總 統川普 日前 簽署 一項 行政命令 旨在 推動 美國 人工智慧 AI 領域 發展 要求 聯邦 機構 研發 投入 中 人工智慧 列入 優先 地位 擴大 相關 科研 人員 使用 政府 數據 權限 中國 認為 目前 除美國 之外 唯一 人工智慧 領域 形成 競爭力 國家', '相比 機器 人 公民 Sophia SAM 政府 立法 支持 以現 政治 環境 AI 技術 難 相信 2020 年會 出現 AI 政治家 SAM 作者 Nick Gerritsen 保持 樂觀 認為 下 一次 紐西蘭 大選前 技術會 進步 問到 透過 AI 擔任 政治家 是否 合適 Gerritsen 表示 SAM 一名 推動者 法律 框架 下行 動', '民眾 黨 副 總統候 選人 吳欣盈 提問 AI 政策 民進 黨 副 總統候 選人 蕭美琴 回應 是不是 遠 距 投票 政府 E化 政府 一直 推動 資安 保障 下 希望 持續 推進 資通 安全 外 數位 治理 需要 良好 規範 欣慰 聽到 兩位 重視 AI 未來 當選 後 找 兩位 共同 推動']"
63,17,63_林口_高雄_彰化_輝達,"['林口', '高雄', '彰化', '輝達', '台南', '園區', '字頭', '交大', '房價', '科技園']","['一峰 指出 現在 最 夯 議題 AI 台南 地靈 人傑 人才 輩出 黃 仁勳 蘇姿 丰都 台南人 輝達 超微 考慮 台灣設 研發 中心 全台 每個 縣市 首長 經發局 動起 爭取 聽 說 連新北市 經發局 局長 輝達 高層 接洽 高雄 積極 南科 AI 半導體 完整 產業 鏈 沙崙 有陽明 交大 AI 學院 台灣 人工智慧 學校 這是 台南 很大 優勢 希望 能積極 拿出 台南 誠意 輝達 超微 留在 台南 人不親 土親', '重大 建設 進駐 開發 如環球 購物 中心 三井 Outlet 福容 大飯 店 台塑 樂活 圈 樂善 科技園 區 工一市 重劃 皆 約 同選定 林口 代表 台灣軟 實力 國際 媒體 園區 林口 新 創園區 AI 人工智慧 園區 相繼 到位 林口 風貌 更是 煥然 一新', '重大 建設 進駐 開發 如環球 購物 中心 三井 Outlet 福容 大飯 店 台塑 樂活 圈 樂善 科技園 區 工一市 重劃 皆 約 同選定 林口 代表 台灣軟 實力 國際 媒體 園區 林口 新 創園區 AI 人工智慧 園區 相繼 到位 林口 風貌 煥然 一新']"
64,17,64_終結者_魔鬼_故事_科幻,"['終結者', '魔鬼', '故事', '科幻', '經典', '黑暗', '一部', '霹靂車', '李麥克', '卡麥隆']","['車友 ETtoday 車雲 年紀 相仿 話 應該 經典 美國 影集 霹靂 遊俠 Knight Rider 具 印象 好萊塢 男星 David Hasselhoff 扮演 李麥克 Michael Kinght 一角 再 人工智慧 霹靂車 伙計 一人 一車 說 當時 影迷 心目 中 經典 傳奇 外媒 報導 片商 願意 出資 拍 攝 霹靂 遊俠 全新 電 影版 可望 曾 執導過 陰兒 房 水行俠 玩命 關頭 華裔 知名 導演 溫子仁 操刀', '鐵達尼號 阿凡 達 神級 電影 打破 影史 票房 紀錄 名導 詹姆士 卡麥隆 最早 成名 作品 科幻 經典 魔鬼 終結者 系列 作品 站 穩當代 重量 級導演 地位 掀起 探討 人工智慧 流行 娛樂 風潮 帶動 電影產業 科技 革命', '鐵達尼號 阿凡 達 導演 詹姆斯 卡麥隆 最早 成名 作品 科幻 經典 魔鬼 終結者 以此 系列 站 穩當代 重量 級導演 地位 掀起 探討 人工智慧 流行 娛樂 風潮 帶動 電影產業 科技 革命 回 製 作 魔鬼 終結者 黑暗 宿命 劇情 承接 魔鬼 終結者 審判 日 故事 線']"
65,16,65_資料_數據_人化_體驗,"['資料', '數據', '人化', '體驗', '企業', '重要', '收集', 'nutanix', '占領', '娛樂遊']","['結合 資料 收集 AI 技術 應用 娛樂遊 戲業者 了解 目標 受眾 特性 提供 更個 人化 體驗', '採用 AI 資料 中 獲取 價值 企業現 正積極 執行 最 重要 任務 AI 改變 資料 收集 儲存 使用 方式 帶來 新 基礎 架構 建立 產品 新 方法 有效率 流程 並推動 數據 驅動 創新', '公會 表示 資料 新 時代 石油 AI 新時代 電力 未來 產業 將與 AI 包括 龐大 數據 資料 透過 AI 機器 學習 將大數 梳理 成結 構性 資料 將能 提供 精 緻 客 製 化 消 費 體 驗 Facebook Line 社群 平台 聊天 機器 人 利用 AI 建立 電腦視 覺技術 協助物 聯網 處理 消費者 產生 行為 資訊 提供 快速 符合 需求 商品 推薦 智慧 商店 成為']"
66,16,66_語音_google_助理_assistant,"['語音', 'google', '助理', 'assistant', '耳機', '喇叭', '聲控', '音場', '功能', 'duplex']","['啟動 Google 語音 助理 拍照 設定 成 Google Assistant 螢幕 休眠 前提 下 長 壓 啟動 Google Assistant 喊 OK , Google 人工智慧 助理 實測 這兩個 喚醒 功能 影響', '透過 這次 展示 接下 三星 電視 Google Android TV 用聲控 方式 搜尋電視 節目 播放 電視 節目 調整 節目 聲音 大小 啟用 電視 應用 程式 做 操作 現場 展示 使用 聲控 指令 只能 夠透 過遙 控器 Google Home 這類 型 智慧 喇叭 智慧 助理 時常待 機狀態 即使如此 三星 電視導入 Bixby 已經 合理 看成 目前 所有 廠商 已經 認同 未來 操作 電器 方式 透過 語音 操作 實體 遙控器 還來 便利 看成 這是 人工智慧 發展 起點 應用 背 後 可望 協助 所有 廠商 人工智慧 語音 助理 變得 聰明', 'Google Home Max 意外 支援 Google Assistant 語音 助理 藉由 聲控 遙控 喇叭 播放 音樂 調整 音量 之餘 支援 Youtube Music Spotify Google Play Music Pandora 音樂 串流 服務 本次 主打 Smart Sound 智慧 音場 功能 HomePod 功能 類似 可透過 AI 人工智慧 方式 依造 擺放 場域 自動 調整 音量 輸出 方式 達到 最佳 音場 設定']"
67,15,67_展出_地圖_台南_桃園,"['展出', '地圖', '台南', '桃園', '城市', '風格', '呈現', '展示', '時光', '基隆']","['桃園 市政府 智慧 城鄉 發展 委員會 21 日 表示 2024 智慧 城市 展 正在 台北 南港 展覽館 熱烈 展出 中 桃園 主題 館 智匯 桃園 AI FOR ALL 為主題 展出 許多 人工智慧 市政 應用 受到 許多國際 人士 青睞 關注 國際 智慧 城市 論壇 ICF 主席 John Jung 並在 開幕 日親 臨桃園館 開幕 活動 並帶領 ICF 參訪 團前 深入 瞭解 桃園 各項 AI 應用', '行政院 長 陳 建仁 提到 台南 400 故宮 文物 南巡 台南 展出 像是 一起 走進 時光 隧道 本次 展覽 運用 現代 科技 進行 數位 展示 清明 河圖 畫中 市井小民 日常生活 栩栩如生 呈現 觀眾 眼前 結合 AI 人工智慧 呈現 作品 體現 藝術 尤其 展示 地點 選 文化 古都 臺 南 具有 意義', '行政院 長 陳 建仁 提到 台南 400 故宮 文物 南巡 台南 展出 像是 一起 走進 時光 隧道 本次 展覽 運用 現代 科技 進行 數位 展示 清明 河圖 畫中 市井小民 日常生活 栩栩如生 呈現 觀眾 眼前 結合 AI 人工智慧 呈現 作品 體現 藝術 尤其 展示 地點 選 文化 古都 台南 具有 意義']"
68,15,68_翻譯_文字_英語_語言,"['翻譯', '文字', '英語', '語言', '語音', '中文', '字幕', '語音轉', '貝果', '即時']","['觀光署 說 湧入 大量 國外 旅客 下 該國 語言別 諮 詢服務量 勢將 遭受 挑戰 即時 翻譯 系統 即可 中文 服務人員 填補 服務 缺口 中文 導覽 服務人員 吃 哆 a 夢 翻譯 蒟 蒻 透過 AI 即時 翻譯 說出 流利 外語', '人工智慧 即時 翻譯 功能 手機 可將 使用者 語音 時 翻譯 外語 文字 或口語', '知名 前 立委 費鴻泰兒子 費聿德 搶進 AI 翻譯 藍 海市 場 目前 擔任 翻譯 貝果 共同 創辦 人 兼營 運長 背後強 AI 訓練 團隊 合作 精準 翻譯 貝果 只口語 翻譯 專業 翻譯 更是 強項 正式 官方 報表 文件 重要 會議 資料 國際型 公開 資料 準確 處理 幾天 就將 高度 專業 資料 翻譯 完成 ESG 準則 S1 S2 翻譯 臺 北醫學 大學 800 頁 醫學 專書 獲得 客戶 肯定 成功 案例']"
69,15,69_2030_美元_全球_經濟,"['2030', '美元', '全球', '經濟', '估計', '規模', '產值', 'gdp', 'aiot', '總值']","['麥肯 錫 統計 人工智慧 將在 2030 年 估計 13 兆 美元 產值 相當 每年 全球 GDP 貢獻 1.2 增長 貢獻率 歷史 第一次 工業 革命 中 蒸汽 機 技術 發明 媲美', 'AI 領域 應用 範疇 多元化 全球 各大 企業 紛紛 卡位 布局 AI 機器 人 領域 投入 資源 越來 越 PwC 經濟 研究 報告 指出 2030 年 AI 可為 全球 經濟 貢獻 高達 15.7 兆 美元 新增 產值 像是 連台灣 科技 大廠 鴻 海集團 看好 這波 商機 今年 以來 積極 開拓 AI 相關 智慧 生活 智慧 城市 應用 成立 工業 互聯網 AI 應用 實驗室 並預告 未來 五年 台 投資 至少 百億元 廣達 鎖定 醫療 汽車 交通 城市 企業端 智慧 製 造 五大 領域 發展 AI', '全球 知名 研究 調查 機構 Gartner 科技 趨勢 分析 會議 中 提出 看法 而瑞銀 預估 2030 年 人工智慧 每年 為亞洲 帶來 經濟 價值 將高達 1.8 兆 美元 金融 服務 醫療 保健 製 造 零售 交通 行業 影響 最為 巨大']"
70,15,70_辯論_難度_挑戰_這本,"['辯論', '難度', '挑戰', '這本', '理江', '賽事', '九段', '測驗', '為止', '讀者']","['頻道 中 無厘頭 挑戰 AI 沒人 幫忙 測量 只好 不斷 賣萌 自誇 體力 測驗 仗 人工智慧 卻 挑戰 失敗 漢字 英文 測驗 至次 為止 頻道 總觀 看次數 已 超越 億 千萬次', '包括 記者 IBM 職員 觀眾 裁定 AI 首場 辯論 論點 結構 表現 十分 理想 用字 辯論 技巧 明顯 落 後', '主辦 賽事 國研院 科政 中心 主任 莊裕澤 表示 目前 挑戰 難度 華語 文測驗 難度 就還 真正 生活 話 AI 已 經有 挑戰性 此次 賽事 獎金 高達 2000 萬 專家 討論 挑戰 世界各地 高門檻 Google IBM 挑戰 一定 難度 設下 難 度外 達到 門檻 希望 能夠 刺激 團隊 技術 發展']"
71,15,71_在野_郭台銘_陣營_台灣,"['在野', '郭台銘', '陣營', '台灣', '深知', '總統', '大選', '樣子', '仁勳', '本來']","['柯文 哲 提到 宣布 投入 2024 大選 這段 期間 郭台銘 創辦 人持續 提出 政策 願景 面向 帶動 促進 福祉 討論 提出 新加坡 建構 完整 興利 除弊 制度 打造 廉能 政府 建構 綿密 食品安全 網 應用 區塊 鏈 大數 AI 人工智慧 技術 促進 科技 轉型 提升 醫院 推動 全責護理 回歸 專業 降低 負荷 尤其 郭董 提出 和平 繁榮 清廉 治國 願景 理念 不謀而合', '郭台銘 28 日 記者 表示 多數民眾 期望 選 產業界 50 年 歷練 深知 進步 總 總細節 豐沛 國際視野 深知 AI 人工智慧 新時代 已來 台灣 未來 總統 需要 對產業 發展 洞察力 參選 促成 在野 陣營 整合 在野 整合 便宜 賴清德 郭台銘 本來 必要 選 郭台銘 代表 中間 聲音 卻 缺席 郭台銘 期許 能成 團結 最大 公約數 將繼續 邀請 在野 陣營 兩位 候選人 一起 坐下 喝咖啡 喝 奶茶 一起 好好 商談國家', '郭台銘 28 日 記者 表示 多數民眾 期望 選 產業界 50 年 歷練 深知 須知 進步 總 總細節 豐沛 國際視野 深知 AI 人工智慧 新時代 已來 台灣 未來 總統 需要 對產業 發展 洞察力 參選 促成 在野 陣營 整合 在野 整合 便宜 賴清德 郭台銘 本來 必要 選 郭台銘 代表 中間 聲音 卻 缺席 郭台銘 期許 能成 團結 最大 公約數 將繼續 邀請 在野 陣營 兩位 候選人 一起 坐下 喝咖啡 喝 奶茶 一起 好好 商談國家']"
